{
  "has_log_likelihood": true,
  "finite_fraction": 1.0,
  "ll_min": -333.58849066845056,
  "ll_max": 2.7751365553124905
}