{
  "has_log_likelihood": true,
  "finite_fraction": 1.0,
  "ll_min": -267.53259642189414,
  "ll_max": 2.8868540462091326
}