column,test,statistic,p_value,n_lags,n_obs,note
price,ADF,-1.993856011392467,0.2892735048934032,29,8981,
price,KPSS(c),9.55880041671256,0.01,57,9011,
price,KPSS(ct),1.084033215879875,0.01,57,9011,
log_price,ADF,-1.8088944145306551,0.37605489051054003,29,8981,
log_price,KPSS(c),11.63738835785323,0.01,57,9011,
log_price,KPSS(ct),1.3563109388822974,0.01,57,9011,
log_return,ADF,-16.427113494485823,2.4985801611433006e-29,28,8981,
log_return,KPSS(c),0.03427403590756697,0.1,14,9010,
log_return,KPSS(ct),0.0344514160790693,0.1,14,9010,
