column,test,statistic,p_value,n_lags,n_obs,note
price,ADF,-2.0186531355212662,0.27845471012993195,34,8325,
price,KPSS(c),9.623270747048549,0.01,55,8360,
price,KPSS(ct),1.105902252058866,0.01,55,8360,
log_price,ADF,-1.5602543583811028,0.5035221192444137,30,8329,
log_price,KPSS(c),11.552511925418765,0.01,55,8360,
log_price,KPSS(ct),1.2754617708726415,0.01,55,8360,
log_return,ADF,-12.603088598261712,1.7191109143092835e-23,29,8329,
log_return,KPSS(c),0.3425252510465616,0.1,4,8359,
log_return,KPSS(ct),0.17558662317244103,0.02534448068963247,4,8359,
